,state,unit_sales
0,Manabi,1530311.5519999983
1,Santa Elena,1663729.8899999892
2,Imbabura,1784640.2440000086
3,Bolivar,1830391.7030000007
4,Chimborazo,1950353.6470000073
5,Esmeraldas,2114036.6620000014
6,Loja,2752959.079999997
7,Cotopaxi,3356966.900000012
8,El Oro,3713163.7970000347
9,Santo Domingo de los Tsachilas,4505738.731000035
10,Los Rios,4506349.915000003
11,Azuay,5492517.626000032
12,Tungurahua,6328638.9360000035
13,Guayas,21739437.934999444
14,Pichincha,77148763.31099834
