,state,unit_sales
0,Chimborazo,2203211.776400002
1,Imbabura,2284864.691899996
2,Santa Elena,2359695.10259995
3,Bolivar,2630072.6548999925
4,Esmeraldas,3210981.468599998
5,Manabi,3468616.326999975
6,Loja,4309158.543499964
7,Cotopaxi,4339376.796400017
8,Santo Domingo de los Tsachilas,6280642.101200055
9,El Oro,6434953.215700074
10,Los Rios,6740445.518499958
11,Tungurahua,8350749.870599954
12,Azuay,8364444.807199928
13,Guayas,30887073.103400417
14,Pichincha,117609835.6038913
